A,B,C,D,E,F,G,H,I
1,val 1,val 1,val 1,val 1,val 1,val 1,val 1,val 1,val 1
2,val 2,val 2,val 2,val 2,val 2,val 2,val 2,val 2,val 2
3,val 3,val 3,val 3,val 3,val 3,val 3,val 3,val 3,val 3
4,val 4,val 4,val 4,val 4,val 4,val 4,val 4,val 4,val 4
5,val 5,val 5,val 5,val 5,val 5,val 5,val 5,val 5,val 5
6,val 6,val 6,val 6,val 6,val 6,val 6,val 6,val 6,val 6
7,val 7,val 7,val 7,val 7,val 7,val 7,val 7,val 7,val 7
8,val 8,val 8,val 8,val 8,val 8,val 8,val 8,val 8,val 8
9,val 9,val 9,val 9,val 9,val 9,val 9,val 9,val 9,val 9
